ID,Project,Cost,Status
A001,Project 1,1002000,Finished
A002,Project 2,2000000,Ongoing
A003,Project 3,4500000,Finished
A004,Project 4,5500000,Ongoing
A005,Project 5, ,Finished
A002,Project 6,680000,Failed
A005,Project 7,400000,Finished
A003,Project 8,350000,Failed
A001,Project 9, ,Ongoing
A003,Project 10,300000,Finished
A001,Project 11,2000000,Failed
A004,Project 12,1000000,Ongoing
A004,Project 13,3000000,Finished
A005,Project 14,200000,Finished
